<?xml version="1.0" encoding="UTF-8"?>
<beans xmlns="http://www.springframework.org/schema/beans"
	xmlns:xsi="http://www.w3.org/2001/XMLSchema-instance" xmlns:p="http://www.springframework.org/schema/p"
	xsi:schemaLocation="http://www.springframework.org/schema/beans http://www.springframework.org/schema/beans/spring-beans-3.0.xsd">

	<bean id="hello" class="stackjava.com.springaop.Hello" />
	<bean id="demoBeforeAdvice" class="stackjava.com.springaop.DemoBeforeAdvice" />
	<bean id="demoAfterAdvice" class="stackjava.com.springaop.DemoAfterAdvice" />
	<bean id="demoThrowAdvice" class="stackjava.com.springaop.DemoThrowAdvice" />
	<bean id="demoAroundAdvice" class="stackjava.com.springaop.DemoAroundAdvice" />

	<bean id="helloProxy" class="org.springframework.aop.framework.ProxyFactoryBean">

		<property name="target" ref="hello" />

		<property name="interceptorNames">
			<list>
				<value>demoBeforeAdvice</value>
				<value>demoAfterAdvice</value>
				<value>demoThrowAdvice</value>
				<value>demoAroundAdvice</value>
			</list>
		</property>
	</bean>

</beans>